student_id,name,class,w1,w2,w3,w4,w5,w6,w7,w8,hw_rate,absences,actual_decline
HS001,Bùi Bảo Lan,12A1,8.4,8.0,7.4,7.0,6.4,5.9,5.3,5.0,0.4,4,1
HS002,Võ Thị Nam,12A1,7.7,7.5,6.7,6.2,5.7,5.3,4.8,4.5,0.25,5,1
HS003,Võ Quốc Linh,12A1,7.6,7.1,6.4,5.7,5.0,4.5,4.1,3.8,0.3,5,1
HS004,Nguyễn Bảo Trang,12A1,7.7,7.5,6.7,6.2,5.7,5.3,4.8,4.3,0.31,4,1
HS005,Trần Xuân Huy,12A1,7.9,7.3,6.5,5.7,5.1,4.7,4.2,3.8,0.42,3,1
HS006,Hồ Ngọc An,12A1,8.5,8.3,7.6,7.0,6.3,5.8,5.3,4.9,0.35,5,1
HS007,Ngô Đình Hương,12A1,8.2,7.6,7.1,6.3,5.7,5.0,4.4,4.2,0.24,4,1
HS008,Phan Đức Đạt,12A1,7.6,7.2,6.3,5.7,5.3,4.7,4.4,4.1,0.24,5,1
HS009,Phạm Đức Hải,12A1,8.0,7.5,6.6,6.1,5.7,5.0,4.7,4.5,0.3,5,1
HS010,Đỗ Kim Cường,12A1,8.3,8.0,7.5,6.8,6.2,5.7,5.4,4.9,0.27,4,1
HS011,Lý Đức Tâm,12A1,8.1,7.6,6.9,6.4,5.8,5.4,5.2,5.0,0.42,3,1
HS012,Đỗ Đình Quang,12A1,8.0,7.5,7.0,6.4,5.8,5.4,5.1,4.8,0.42,3,1
HS013,Võ Quốc Cường,12A1,7.7,7.3,6.7,5.9,5.4,5.1,4.7,4.4,0.21,5,1
HS014,Bùi Bảo Dũng,12A1,7.5,6.9,6.2,5.5,4.7,4.2,3.7,3.3,0.21,4,1
HS015,Bùi Đình Hải,12A1,8.2,7.6,6.8,6.3,5.6,5.2,4.7,4.4,0.27,3,1
HS016,Phan Minh Việt,12A1,7.6,7.3,6.8,6.3,5.6,5.1,4.6,4.1,0.31,2,1
HS017,Phạm Ngọc Tùng,12A1,8.4,8.2,7.5,7.1,6.3,5.8,5.5,5.1,0.43,2,1
HS018,Trần Văn Thịnh,12A1,8.1,7.6,6.7,6.1,5.3,4.8,4.5,4.3,0.27,2,1
HS019,Trần Quốc Ngân,12A1,7.7,7.2,6.6,6.0,5.6,5.0,4.4,4.0,0.43,4,1
HS020,Hồ Văn Mai,12A1,7.8,7.2,6.6,6.1,5.7,5.3,4.9,4.4,0.42,2,1
HS021,Ngô Minh Phúc,12A1,8.3,8.0,7.3,6.9,6.2,5.8,5.4,5.0,0.36,4,1
HS022,Ngô Xuân Trang,12A1,8.1,7.5,6.7,6.3,5.7,5.4,4.9,4.6,0.41,2,1
HS023,Dương Đức Cường,12A1,7.9,7.6,7.0,6.4,5.9,5.6,5.1,4.8,0.37,5,1
HS024,Hoàng Thanh Linh,12A1,8.2,7.9,7.3,6.6,6.0,5.5,4.9,4.6,0.41,2,1
HS025,Nguyễn Ngọc Hà,12A1,8.2,8.0,7.3,6.8,6.2,5.7,5.4,4.9,0.26,3,1
HS026,Ngô Hoàng Đạt,12A1,7.9,7.5,6.9,6.1,5.8,5.2,4.9,4.6,0.3,2,1
HS027,Đặng Xuân Long,12A1,8.4,7.9,7.1,6.5,5.7,5.1,4.6,4.1,0.21,2,1
HS028,Nguyễn Hải Nam,12A1,8.3,8.0,7.5,6.8,6.2,5.7,5.2,4.9,0.34,2,1
HS029,Phạm Hải Dũng,12A1,8.1,7.6,7.1,6.6,6.1,5.7,5.4,5.2,0.31,2,1
HS030,Lê Thanh Đạt,12A1,8.1,7.8,7.4,6.6,6.3,5.9,5.3,4.9,0.45,5,1
HS031,Phạm Đình Lan,12A1,7.5,7.0,7.5,7.0,7.0,7.0,4.0,3.5,0.85,0,1
HS032,Phan Hải Phúc,12A1,7.5,7.0,7.5,7.0,7.0,7.0,4.0,3.5,0.85,0,1
HS033,Phan Bảo Sơn,12A1,7.5,7.0,6.0,5.0,5.0,5.5,7.0,7.5,0.5,3,0
HS034,Phan Minh Yến,12A1,7.5,7.0,6.0,5.0,5.0,5.5,7.0,7.5,0.5,3,0
HS035,Hoàng Quốc Ngân,12A1,7.5,7.0,6.0,5.0,5.0,5.5,7.0,7.5,0.5,3,0
HS036,Đặng Đức Khoa,12A1,7.5,7.0,6.0,5.0,5.0,5.5,7.0,7.5,0.5,3,0
HS037,Đỗ Hải An,12A1,6.9,7.4,7.3,6.4,6.4,6.9,7.0,6.3,0.66,2,0
HS038,Lý Xuân An,12A1,7.0,6.8,7.2,6.1,7.1,6.6,6.1,6.3,0.77,2,0
HS039,Ngô Văn Kiên,12A1,7.2,8.2,7.4,7.9,7.6,7.9,7.4,7.7,0.68,2,0
HS040,Lê Văn Tuấn,12A1,7.6,7.3,6.7,6.9,6.3,7.3,6.8,7.7,0.75,2,0
HS041,Võ Văn Đạt,12A2,7.0,7.6,6.2,7.4,6.8,6.6,6.5,6.4,0.78,1,0
HS042,Lý Hải Vân,12A2,6.6,7.6,6.4,7.3,6.8,7.2,7.7,7.2,0.75,2,0
HS043,Phan Kim Phúc,12A2,7.1,7.2,7.7,6.8,8.0,6.4,7.0,7.7,0.69,2,0
HS044,Ngô Hải Đạt,12A2,8.1,6.8,7.6,6.9,6.7,7.1,7.8,7.5,0.69,2,0
HS045,Trần Hoàng Phúc,12A2,7.1,7.9,7.1,8.0,7.7,6.6,6.7,7.0,0.72,1,0
HS046,Vũ Minh Huy,12A2,6.5,5.9,6.5,6.0,6.5,6.2,6.9,7.0,0.79,2,0
HS047,Trần Hải Ngân,12A2,7.6,7.5,6.3,7.2,7.1,7.0,7.1,6.4,0.78,1,0
HS048,Phan Kim Dũng,12A2,7.2,6.8,6.9,7.4,6.2,7.0,6.3,6.9,0.76,1,0
HS049,Vũ Hải Sơn,12A2,7.3,7.0,7.3,6.6,6.7,6.5,6.7,7.5,0.75,1,0
HS050,Đỗ Thu Nam,12A2,7.1,7.3,6.5,7.3,6.5,6.5,6.6,7.0,0.77,1,0
HS051,Lê Quốc Linh,12A2,6.8,6.2,7.0,7.0,7.0,6.8,6.9,6.2,0.77,2,0
HS052,Ngô Thị Mai,12A2,6.3,7.0,6.7,6.3,6.4,6.1,6.0,6.1,0.76,1,0
HS053,Lý Hải Tâm,12A2,7.9,7.6,7.6,7.8,8.0,6.8,7.5,7.4,0.75,1,0
HS054,Ngô Hoàng Phúc,12A2,7.6,7.8,7.4,7.7,6.9,7.4,6.8,7.2,0.79,2,0
HS055,Đỗ Văn Vy,12A2,6.7,7.6,6.4,7.0,6.8,7.7,6.8,7.6,0.8,2,0
HS056,Hoàng Quốc Thảo,12A2,6.4,6.9,6.4,5.9,6.7,6.4,6.1,7.1,0.73,2,0
HS057,Lê Đình Phúc,12A2,7.2,6.1,7.5,7.1,7.5,6.7,7.1,6.4,0.79,1,0
HS058,Võ Văn Nga,12A2,7.1,6.4,6.7,7.4,6.3,6.7,6.7,7.1,0.76,1,0
HS059,Lê Hoàng Giang,12A2,5.9,6.3,6.3,7.0,7.5,6.0,6.7,6.6,0.74,1,0
HS060,Phạm Quốc Việt,12A2,7.0,7.2,7.7,7.3,6.8,7.8,6.6,7.8,0.75,1,0
HS061,Lý Thanh Sơn,12A2,8.9,8.1,8.3,8.5,9.0,8.4,9.1,8.6,0.96,1,0
HS062,Lê Thu Hải,12A2,8.4,8.7,8.3,8.4,8.8,8.3,8.5,8.2,0.89,0,0
HS063,Đặng Văn Trung,12A2,7.7,8.0,8.3,8.1,8.4,7.6,8.2,7.7,0.91,1,0
HS064,Dương Văn Vân,12A2,8.3,8.5,7.9,8.0,7.9,8.3,8.1,8.1,0.93,1,0
HS065,Trần Thu Hải,12A2,8.2,7.4,7.4,8.1,7.3,8.0,7.4,7.5,0.89,1,0
HS066,Hoàng Kim Nam,12A2,9.0,9.5,8.5,9.1,9.4,9.0,9.4,9.6,0.98,1,0
HS067,Vũ Thu Hương,12A2,8.2,8.3,8.8,8.2,8.3,9.2,8.7,9.2,0.98,1,0
HS068,Vũ Đình Long,12A2,8.0,8.2,8.5,8.2,8.0,8.5,7.9,8.4,0.93,0,0
HS069,Đỗ Thu Nga,12A2,8.4,8.3,8.3,7.9,8.5,8.2,8.2,8.2,0.86,0,0
HS070,Nguyễn Thanh Thịnh,12A2,8.8,8.8,7.7,8.0,8.4,8.1,7.9,8.6,0.99,1,0
HS071,Bùi Thu Yến,12A2,8.9,9.4,8.8,9.0,9.1,9.5,9.5,8.9,0.94,0,0
HS072,Lê Văn Quang,12A2,9.3,9.1,9.6,8.8,9.1,9.3,8.8,9.3,0.88,1,0
HS073,Nguyễn Đình Hải,12A2,9.7,9.5,9.7,9.4,9.5,9.2,9.2,9.1,0.88,1,0
HS074,Lý Thu Thịnh,12A2,8.4,8.9,8.8,9.3,9.3,9.3,8.5,8.7,0.92,1,0
HS075,Ngô Kim Hà,12A2,8.3,9.0,8.3,9.0,8.3,8.6,8.9,8.6,0.96,0,0
HS076,Trần Thu Hải,12A2,8.0,8.4,7.8,8.1,8.5,8.1,8.2,7.8,0.96,0,0
HS077,Ngô Xuân Tùng,12A2,8.9,8.5,8.8,8.3,8.9,9.2,9.1,8.6,0.9,0,0
HS078,Ngô Kim Long,12A2,8.9,8.6,8.6,9.2,8.4,8.3,9.0,8.2,0.91,0,0
HS079,Đỗ Đình Nam,12A2,7.9,8.6,7.6,7.9,7.9,7.8,8.2,8.3,0.93,1,0
HS080,Đỗ Ngọc Trung,12A2,8.2,7.4,8.2,7.5,7.6,7.6,7.6,8.0,0.9,0,0
HS081,Vũ Ngọc Hải,12A3,8.3,8.3,8.1,8.6,8.4,8.3,8.4,8.0,0.9,1,0
HS082,Hồ Quốc Trang,12A3,8.9,9.2,8.4,8.6,8.8,8.5,8.9,8.4,0.85,1,0
HS083,Trần Bảo Giang,12A3,8.7,8.7,9.0,9.0,8.6,8.8,9.4,8.7,0.95,0,0
HS084,Võ Minh Hà,12A3,8.5,8.5,9.2,9.1,9.1,8.5,9.0,9.1,0.98,0,0
HS085,Ngô Văn Hương,12A3,8.5,8.0,7.7,8.1,7.8,8.1,8.4,8.2,0.93,1,0
HS086,Đặng Ngọc Hải,12A3,9.0,9.6,9.5,8.8,9.5,8.9,9.4,9.6,0.99,1,0
HS087,Đặng Thanh Quân,12A3,8.8,9.2,9.2,9.2,9.4,8.6,8.7,8.6,0.97,1,0
HS088,Nguyễn Hoàng Mai,12A3,8.9,9.0,8.6,9.5,8.6,9.0,8.5,9.4,0.95,1,0
HS089,Đỗ Văn Giang,12A3,8.5,8.5,8.6,8.5,9.1,8.8,9.2,8.9,0.9,1,0
HS090,Võ Ngọc Vân,12A3,8.6,8.0,8.4,8.0,8.2,8.9,8.3,8.1,1.0,0,0
HS091,Vũ Văn Dũng,12A3,8.9,8.3,8.8,8.3,8.8,9.2,9.1,8.4,0.86,0,0
HS092,Lý Ngọc Thảo,12A3,8.2,8.3,8.7,8.1,8.1,8.1,8.3,7.9,0.93,1,0
HS093,Đặng Kim Ngân,12A3,8.2,8.1,7.7,8.5,8.5,8.8,7.8,8.6,0.97,1,0
HS094,Lê Minh Nam,12A3,8.9,8.6,8.3,8.8,8.8,8.4,8.6,8.9,0.99,0,0
HS095,Trần Đức Dũng,12A3,8.6,8.4,8.5,8.4,8.3,8.8,8.6,8.2,0.93,1,0
HS096,Võ Hải Mai,12A3,8.5,7.9,7.9,7.6,8.7,7.9,7.8,8.4,0.86,0,0
HS097,Đặng Xuân Phúc,12A3,7.6,8.3,8.5,7.9,7.8,8.1,8.4,8.6,0.95,1,0
HS098,Bùi Hoàng Sơn,12A3,8.0,7.8,8.7,8.5,7.9,8.5,8.6,7.9,0.9,1,0
HS099,Phạm Bảo Quân,12A3,8.8,8.3,8.7,8.9,8.4,8.1,8.9,9.0,0.91,0,0
HS100,Võ Thanh Hà,12A3,8.3,8.2,8.2,8.2,8.1,7.9,8.2,8.0,0.96,1,0
HS101,Ngô Minh Hải,12A3,8.4,8.3,8.7,8.4,7.9,7.8,8.1,8.0,0.88,0,0
HS102,Hoàng Minh Vân,12A3,8.7,9.2,9.4,9.2,8.9,9.3,9.0,9.6,0.95,1,0
HS103,Ngô Thị Đạt,12A3,8.9,9.2,8.8,9.3,9.4,9.6,9.2,9.2,0.89,0,0
HS104,Trần Đức Kiên,12A3,7.9,8.4,8.0,8.6,8.7,8.2,8.8,8.6,0.94,1,0
HS105,Nguyễn Thanh Vân,12A3,8.8,8.4,8.5,8.8,8.9,9.4,8.7,8.8,0.96,1,0
HS106,Trần Đức Quân,12A3,8.0,7.7,8.2,8.0,7.7,7.8,8.1,7.9,1.0,0,0
HS107,Vũ Kim Tùng,12A3,7.8,8.5,8.6,7.9,7.9,8.3,7.8,7.8,0.92,1,0
HS108,Lê Quốc Tuấn,12A3,8.0,8.7,8.4,8.5,9.0,7.9,8.6,8.2,0.97,1,0
HS109,Võ Ngọc Linh,12A3,8.4,7.6,7.5,8.1,7.5,8.2,7.7,8.2,0.93,0,0
HS110,Đỗ Ngọc Vân,12A3,7.3,7.6,7.9,7.6,7.6,7.9,7.5,7.5,0.92,1,0
HS111,Vũ Quốc Đạt,12A3,8.2,8.2,7.8,8.3,8.3,8.1,7.9,7.3,0.94,0,0
HS112,Hồ Thanh Ngân,12A3,7.9,7.4,7.3,8.0,7.9,7.7,8.2,7.5,0.91,1,0
HS113,Đỗ Minh Long,12A3,8.1,7.9,9.0,8.2,8.3,8.4,9.0,8.3,0.87,1,0
HS114,Trần Đức Nam,12A3,7.8,7.5,7.6,8.4,8.4,8.0,8.4,7.8,0.91,1,0
HS115,Dương Thanh Bình,12A3,8.5,8.8,8.8,8.4,8.5,8.6,8.2,8.1,0.86,0,0
HS116,Đặng Thị Trung,12A3,8.0,8.9,8.2,8.0,8.7,8.2,9.0,8.9,0.92,0,0
HS117,Hồ Đình Thảo,12A3,7.9,8.5,8.7,8.3,8.6,8.1,8.1,8.5,0.95,0,0
HS118,Phạm Hải Long,12A3,8.2,8.4,9.0,8.1,8.0,8.1,8.6,9.1,0.99,0,0
HS119,Dương Thị Hương,12A3,9.4,9.2,9.5,9.1,9.3,8.9,8.5,9.5,0.92,0,0
HS120,Lê Xuân Hương,12A3,8.4,8.3,8.5,8.5,8.7,8.1,7.8,8.3,0.91,1,0
