student_id,name,w1,w2,w3,w4,w5,w6,hw_rate,absences
HS01,Nguyễn Văn An,8.5,8.0,8.5,9.0,8.5,9.0,0.95,0
HS02,Trần Thị Bình,9.0,8.5,9.0,8.5,9.0,9.5,1.0,0
HS03,Lê Hoàng Dũng,7.5,7.0,6.0,5.5,4.5,4.0,0.35,3
HS04,Phạm Minh Đức,8.0,8.0,7.5,7.5,8.0,7.5,0.90,1
HS05,Vũ Thị Hương,8.5,8.5,7.0,6.0,5.0,4.5,0.40,2
HS06,Đặng Quốc Huy,6.0,6.5,6.0,6.5,7.0,7.0,0.85,1
HS07,Bùi Thanh Mai,9.5,9.0,9.5,9.0,9.5,10.0,1.0,0
HS08,Đỗ Tuấn Kiệt,7.0,6.5,5.5,5.0,4.0,3.5,0.25,4
HS09,Hoàng Ngọc Lan,8.0,8.5,8.0,8.5,8.0,8.5,0.95,0
HS10,Ngô Quang Long,5.5,6.0,6.5,7.0,7.5,7.5,0.90,1
HS11,Dương Thu Hà,7.5,7.0,7.0,6.5,6.0,5.5,0.65,2
HS12,Lý Trọng Nghĩa,8.5,8.0,8.5,8.0,8.5,8.0,0.90,0
HS13,Võ Kim Ngân,6.5,6.0,5.5,5.0,4.5,4.0,0.30,3
HS14,Trịnh Đình Nam,7.0,7.5,7.0,7.5,7.0,7.5,0.85,1
HS15,Phan Hải Yến,9.0,9.0,9.0,9.5,9.0,9.5,1.0,0
HS16,Cao Văn Phong,8.0,7.5,6.5,5.5,4.5,4.0,0.40,3
HS17,Mai Thùy Trang,8.5,8.5,8.5,8.0,8.5,8.5,0.95,0
HS18,Lâm Thành Trung,6.0,6.0,6.5,7.0,7.0,7.5,0.90,0
HS19,Hồ Thảo Vy,7.5,7.5,7.0,6.5,6.0,5.5,0.60,1
HS20,Tạ Minh Quang,8.0,8.5,8.0,8.0,8.5,8.5,0.95,0
HS21,Đoàn Bảo Châu,7.0,7.0,7.0,7.0,7.5,7.5,0.85,1
HS22,Đinh Khắc Cường,8.0,7.0,6.0,5.0,4.0,3.5,0.20,4
HS23,Lương Mỹ Duyên,9.0,8.5,9.0,8.5,9.0,9.0,0.95,0
HS24,Tạ Gia Hưng,6.5,6.5,7.0,7.0,7.5,8.0,0.90,1
HS25,Phùng Diệu Linh,7.5,7.0,6.5,6.0,5.5,5.0,0.55,2
HS26,Nghiêm Văn Phát,8.5,8.5,8.0,8.5,8.5,8.5,0.95,0
HS27,La Khánh Quỳnh,9.0,9.0,9.5,9.0,9.5,9.5,1.0,0
HS28,Ân Minh Quân,7.0,6.5,5.5,4.5,4.0,3.0,0.25,5
HS29,Triệu Phương Thảo,8.0,8.0,8.5,8.0,8.5,8.5,0.95,0
HS30,Thái Hoàng Tiến,6.0,6.5,6.5,7.0,7.0,7.5,0.85,1
HS31,Châu Cẩm Tú,8.5,8.5,8.0,7.5,7.0,6.5,0.70,1
HS32,Khổng Chí Vĩ,7.0,7.5,7.5,8.0,8.0,8.5,0.90,0
HS33,Vi Thúy Nga,8.0,8.0,8.0,8.5,8.5,8.5,0.95,0
HS34,Dư Hữu Tài,7.5,6.5,5.5,4.5,4.0,3.5,0.30,3
HS35,Hà Bích Ngọc,9.0,9.5,9.0,9.5,9.5,10.0,1.0,0
HS36,Quách Đình Trọng,6.5,6.5,7.0,7.0,7.5,7.5,0.85,1
HS37,Liêu Tuyết Mai,8.0,8.0,7.5,7.0,6.5,6.0,0.65,2
HS38,Đào Xuân Phúc,8.5,8.5,8.5,8.5,9.0,9.0,0.95,0
HS39,Trang Hữu Danh,7.0,6.0,5.0,4.5,3.5,3.0,0.20,4
HS40,Diệp Cẩm Vân,9.0,9.0,9.0,8.5,9.0,9.5,1.0,0
